month,branch,category,units_sold,revenue_rwf,cost_rwf
2025-01,Kigali Central,Groceries,368,564427,422314
2025-01,Kigali Central,Beverages,247,222188,154289
2025-01,Kigali Central,Household,113,283060,213375
2025-01,Kigali Central,Personal care,77,140133,96865
2025-01,Nyamirambo,Groceries,276,411704,288017
2025-01,Nyamirambo,Beverages,184,168245,122981
2025-01,Nyamirambo,Household,75,199547,141241
2025-01,Nyamirambo,Personal care,53,97163,73248
2025-01,Remera,Groceries,260,380354,281278
2025-01,Remera,Beverages,185,160650,118286
2025-01,Remera,Household,105,263419,191390
2025-01,Remera,Personal care,67,123056,88850
2025-01,Huye,Groceries,200,286886,203806
2025-01,Huye,Beverages,124,110679,84653
2025-01,Huye,Household,67,159044,112914
2025-01,Huye,Personal care,44,80890,60166
2025-01,Musanze,Groceries,153,220717,151412
2025-01,Musanze,Beverages,88,79538,58915
2025-01,Musanze,Household,56,142627,101368
2025-01,Musanze,Personal care,43,76557,54244
2025-02,Kigali Central,Groceries,388,573804,413354
2025-02,Kigali Central,Beverages,231,212050,152049
2025-02,Kigali Central,Household,118,280067,189490
2025-02,Kigali Central,Personal care,71,129333,89606
2025-02,Nyamirambo,Groceries,289,421358,300781
2025-02,Nyamirambo,Beverages,162,149476,99877
2025-02,Nyamirambo,Household,86,211168,142880
2025-02,Nyamirambo,Personal care,67,121442,87518
2025-02,Remera,Groceries,304,441999,320616
2025-02,Remera,Beverages,193,181325,124088
2025-02,Remera,Household,102,259859,185366
2025-02,Remera,Personal care,87,158073,117787
2025-02,Huye,Groceries,199,302211,208620
2025-02,Huye,Beverages,132,115903,82006
2025-02,Huye,Household,65,167697,121532
2025-02,Huye,Personal care,36,61544,43414
2025-02,Musanze,Groceries,166,262206,189813
2025-02,Musanze,Beverages,101,87669,60583
2025-02,Musanze,Household,59,143865,107202
2025-02,Musanze,Personal care,35,62923,44068
2025-03,Kigali Central,Groceries,383,553377,377216
2025-03,Kigali Central,Beverages,294,265870,190480
2025-03,Kigali Central,Household,136,342238,242192
2025-03,Kigali Central,Personal care,86,161932,117481
2025-03,Nyamirambo,Groceries,331,521091,402131
2025-03,Nyamirambo,Beverages,181,170042,116783
2025-03,Nyamirambo,Household,93,229748,165383
2025-03,Nyamirambo,Personal care,56,105056,75926
2025-03,Remera,Groceries,333,498770,346497
2025-03,Remera,Beverages,219,195124,145851
2025-03,Remera,Household,116,285788,202958
2025-03,Remera,Personal care,72,134800,96431
2025-03,Huye,Groceries,242,365641,265198
2025-03,Huye,Beverages,126,114176,90830
2025-03,Huye,Household,74,183405,124000
2025-03,Huye,Personal care,54,100716,70313
2025-03,Musanze,Groceries,202,301521,207485
2025-03,Musanze,Beverages,140,123999,86017
2025-03,Musanze,Household,67,160128,125521
2025-03,Musanze,Personal care,37,70270,56719
2025-04,Kigali Central,Groceries,395,598571,462014
2025-04,Kigali Central,Beverages,281,258798,189710
2025-04,Kigali Central,Household,137,328373,234082
2025-04,Kigali Central,Personal care,76,134521,98758
2025-04,Nyamirambo,Groceries,329,498708,359865
2025-04,Nyamirambo,Beverages,232,210783,151148
2025-04,Nyamirambo,Household,98,247836,172769
2025-04,Nyamirambo,Personal care,68,118315,89415
2025-04,Remera,Groceries,320,486544,334103
2025-04,Remera,Beverages,247,222650,158356
2025-04,Remera,Household,102,256167,195749
2025-04,Remera,Personal care,76,137524,100239
2025-04,Huye,Groceries,213,322644,249023
2025-04,Huye,Beverages,150,133669,95996
2025-04,Huye,Household,82,212995,157080
2025-04,Huye,Personal care,51,93009,71833
2025-04,Musanze,Groceries,210,312197,225405
2025-04,Musanze,Beverages,128,111128,82620
2025-04,Musanze,Household,78,201852,149880
2025-04,Musanze,Personal care,50,85755,61572
2025-05,Kigali Central,Groceries,463,679938,468877
2025-05,Kigali Central,Beverages,292,257509,187817
2025-05,Kigali Central,Household,155,360864,263117
2025-05,Kigali Central,Personal care,110,207600,136622
2025-05,Nyamirambo,Groceries,370,528666,404048
2025-05,Nyamirambo,Beverages,231,204339,152113
2025-05,Nyamirambo,Household,107,269381,196139
2025-05,Nyamirambo,Personal care,71,127215,93058
2025-05,Remera,Groceries,403,602233,460373
2025-05,Remera,Beverages,246,222744,166018
2025-05,Remera,Household,107,265854,175435
2025-05,Remera,Personal care,84,151689,115176
2025-05,Huye,Groceries,261,372693,259460
2025-05,Huye,Beverages,155,140656,95311
2025-05,Huye,Household,75,191448,138637
2025-05,Huye,Personal care,45,82994,58775
2025-05,Musanze,Groceries,220,328836,244945
2025-05,Musanze,Beverages,146,125557,81611
2025-05,Musanze,Household,54,133846,97163
2025-05,Musanze,Personal care,52,93406,71045
2025-06,Kigali Central,Groceries,474,698321,471775
2025-06,Kigali Central,Beverages,293,270057,208382
2025-06,Kigali Central,Household,159,385092,282750
2025-06,Kigali Central,Personal care,118,218315,153224
2025-06,Nyamirambo,Groceries,339,505613,369027
2025-06,Nyamirambo,Beverages,219,203410,144433
2025-06,Nyamirambo,Household,135,336172,245561
2025-06,Nyamirambo,Personal care,75,135281,98052
2025-06,Remera,Groceries,361,546911,393351
2025-06,Remera,Beverages,244,209128,137567
2025-06,Remera,Household,118,292405,227525
2025-06,Remera,Personal care,75,136408,96548
2025-06,Huye,Groceries,255,389605,276550
2025-06,Huye,Beverages,167,150329,119952
2025-06,Huye,Household,83,208070,153435
2025-06,Huye,Personal care,55,96685,70861
2025-06,Musanze,Groceries,234,357449,264501
2025-06,Musanze,Beverages,159,141871,104079
2025-06,Musanze,Household,63,148847,105671
2025-06,Musanze,Personal care,46,81013,54678
2025-07,Kigali Central,Groceries,449,722404,529556
2025-07,Kigali Central,Beverages,295,253067,179951
2025-07,Kigali Central,Household,158,404371,295328
2025-07,Kigali Central,Personal care,90,166363,127911
2025-07,Nyamirambo,Groceries,338,527317,376641
2025-07,Nyamirambo,Beverages,221,207582,150278
2025-07,Nyamirambo,Household,110,272015,188171
2025-07,Nyamirambo,Personal care,88,150960,111578
2025-07,Remera,Groceries,365,508174,353894
2025-07,Remera,Beverages,232,210351,150322
2025-07,Remera,Household,128,321953,222065
2025-07,Remera,Personal care,82,149305,109992
2025-07,Huye,Groceries,257,384493,273293
2025-07,Huye,Beverages,166,143822,99717
2025-07,Huye,Household,79,197803,137875
2025-07,Huye,Personal care,51,91360,63990
2025-07,Musanze,Groceries,211,302750,217363
2025-07,Musanze,Beverages,134,121287,82033
2025-07,Musanze,Household,74,183599,134193
2025-07,Musanze,Personal care,38,65986,45852
2025-08,Kigali Central,Groceries,450,666416,446797
2025-08,Kigali Central,Beverages,288,263208,184949
2025-08,Kigali Central,Household,125,306532,225679
2025-08,Kigali Central,Personal care,107,182861,134611
2025-08,Nyamirambo,Groceries,293,420728,308558
2025-08,Nyamirambo,Beverages,231,212352,154433
2025-08,Nyamirambo,Household,98,241761,174301
2025-08,Nyamirambo,Personal care,71,129606,91242
2025-08,Remera,Groceries,376,546393,353853
2025-08,Remera,Beverages,225,200038,132404
2025-08,Remera,Household,113,280890,192859
2025-08,Remera,Personal care,63,108316,80260
2025-08,Huye,Groceries,228,348313,232701
2025-08,Huye,Beverages,151,143434,102523
2025-08,Huye,Household,74,188259,137351
2025-08,Huye,Personal care,51,95139,67576
2025-08,Musanze,Groceries,205,306747,205162
2025-08,Musanze,Beverages,129,114279,73488
2025-08,Musanze,Household,70,171252,116536
2025-08,Musanze,Personal care,41,79075,57931
2025-09,Kigali Central,Groceries,424,651584,481359
2025-09,Kigali Central,Beverages,285,262585,200865
2025-09,Kigali Central,Household,135,347140,226490
2025-09,Kigali Central,Personal care,76,127277,87960
2025-09,Nyamirambo,Groceries,295,457275,325876
2025-09,Nyamirambo,Beverages,178,165242,114136
2025-09,Nyamirambo,Household,90,223505,165265
2025-09,Nyamirambo,Personal care,76,135935,92915
2025-09,Remera,Groceries,315,467525,322280
2025-09,Remera,Beverages,205,171876,116034
2025-09,Remera,Household,114,287416,213556
2025-09,Remera,Personal care,53,96682,69780
2025-09,Huye,Groceries,182,275278,199506
2025-09,Huye,Beverages,132,113027,73759
2025-09,Huye,Household,65,157524,104629
2025-09,Huye,Personal care,50,88996,61693
2025-09,Musanze,Groceries,179,260324,203433
2025-09,Musanze,Beverages,137,125666,92148
2025-09,Musanze,Household,56,143108,105772
2025-09,Musanze,Personal care,46,87095,66260
2025-10,Kigali Central,Groceries,402,603218,437987
2025-10,Kigali Central,Beverages,259,233522,159010
2025-10,Kigali Central,Household,110,275365,196586
2025-10,Kigali Central,Personal care,86,151335,103285
2025-10,Nyamirambo,Groceries,264,374774,268458
2025-10,Nyamirambo,Beverages,187,173479,125108
2025-10,Nyamirambo,Household,95,239955,175498
2025-10,Nyamirambo,Personal care,66,118329,80780
2025-10,Remera,Groceries,296,441308,310091
2025-10,Remera,Beverages,201,177491,129452
2025-10,Remera,Household,97,244488,167674
2025-10,Remera,Personal care,58,100760,66149
2025-10,Huye,Groceries,210,315292,225898
2025-10,Huye,Beverages,142,129318,99167
2025-10,Huye,Household,77,190616,145406
2025-10,Huye,Personal care,49,93241,67233
2025-10,Musanze,Groceries,184,277085,202539
2025-10,Musanze,Beverages,120,105708,79183
2025-10,Musanze,Household,73,187475,135157
2025-10,Musanze,Personal care,37,67272,49294
2025-11,Kigali Central,Groceries,343,499343,337921
2025-11,Kigali Central,Beverages,247,217675,162153
2025-11,Kigali Central,Household,106,260350,187088
2025-11,Kigali Central,Personal care,57,104829,75675
2025-11,Nyamirambo,Groceries,258,386857,275973
2025-11,Nyamirambo,Beverages,183,165814,124100
2025-11,Nyamirambo,Household,69,178943,126523
2025-11,Nyamirambo,Personal care,46,80731,56775
2025-11,Remera,Groceries,263,390810,293686
2025-11,Remera,Beverages,191,174370,117513
2025-11,Remera,Household,91,226494,173868
2025-11,Remera,Personal care,79,141238,96281
2025-11,Huye,Groceries,178,260978,191013
2025-11,Huye,Beverages,124,114906,86722
2025-11,Huye,Household,73,185399,141070
2025-11,Huye,Personal care,37,64868,46937
2025-11,Musanze,Groceries,176,278907,199393
2025-11,Musanze,Beverages,111,100127,72109
2025-11,Musanze,Household,72,188896,137760
2025-11,Musanze,Personal care,37,66424,49699
2025-12,Kigali Central,Groceries,397,611335,449162
2025-12,Kigali Central,Beverages,282,251092,183316
2025-12,Kigali Central,Household,151,382616,280965
2025-12,Kigali Central,Personal care,90,168661,118987
2025-12,Nyamirambo,Groceries,318,482839,371065
2025-12,Nyamirambo,Beverages,233,209010,150264
2025-12,Nyamirambo,Household,84,210218,149574
2025-12,Nyamirambo,Personal care,72,131998,91080
2025-12,Remera,Groceries,353,522950,354296
2025-12,Remera,Beverages,226,194060,141059
2025-12,Remera,Household,119,303140,205490
2025-12,Remera,Personal care,88,161272,114651
2025-12,Huye,Groceries,234,366577,283668
2025-12,Huye,Beverages,160,145524,108125
2025-12,Huye,Household,76,194695,139834
2025-12,Huye,Personal care,47,86209,62078
2025-12,Musanze,Groceries,176,261031,193865
2025-12,Musanze,Beverages,121,103493,71270
2025-12,Musanze,Household,70,173562,123211
2025-12,Musanze,Personal care,40,72683,53225
