respondent_id,district,gender,age,survey_date,attends_school,test_score
R0285,GASABO ,Male,16,02/04/2025,No,53.6
R0171,RUBAVU,Male,17,19/04/2025,Yes,55.8
R0151,Musanze ,Male,17,19-Mar-2025,Yes,69.1
R0105,RUBAVU,Male,16,15/04/2025,yes,49.4
R0038,Huye,Female,14,2025-04-10,yes,59.3
R0102,rubavu,FEMALE,16,2025-03-21,Yes,82.6
R0267,rubavu,F,18,2025-03-27,yes,72.7
R0243, Huye,M,15,15/03/2025,N,71.3
R0287,Musanze ,female,16,05-Mar-2025,yes,65.0
R0271,Rubavu,F,12,20/03/2025,Yes,60.3
R0264,huye,Female,17,2025-03-27,YES,62.0
R0074,HUYE,female,15,28-Apr-2025,Yes,57.7
R0282,KICUKIRO,F,18,15-Apr-2025,no,67.0
R0281,rubavu,FEMALE,13,03-Mar-2025,N,83.3
R0107,GASABO ,Female,15,2025-04-20,No,65.7
R0255,gasabo,Female,,20-Mar-2025,Yes,87.4
R0092,RUBAVU,female,,14/03/2025,,67.7
R0172,Musanze ,female,14,2025-03-11,,59.4
R0058,MUSANZE,M,17,29-Mar-2025,yes,65.9
R0081,kicukiro,F,13,13/03/2025,,89.1
R0277,huye,Male,13,20/04/2025,yes,76.1
R0243, Huye,M,15,15/03/2025,N,71.3
R0089,Nyarugenge,Female,16,2025-04-26,yes,68.9
R0126, Huye,,14,01-Apr-2025,Yes,70.7
R0004,musanze,M,17,27/03/2025,Yes,65.9
R0087, Gasabo,female,12,26-Apr-2025,YES,81.2
R0280, Huye,F,17,2025-04-02,YES,74.9
R0195,KICUKIRO,,18,25-Mar-2025,yes,35.9
R0162,Gasabo,female,,09/03/2025,no,71.4
R0123,nyarugenge,male,15,18/03/2025,Yes,83.0
R0218,Musanze ,female,12,15-Mar-2025,Yes,72.4
R0031,KICUKIRO,Female,17,2025-04-27,yes,66.6
R0061,gasabo,F,12,14-Mar-2025,N,71.8
R0015,musanze,FEMALE,,07/04/2025,Yes,79.2
R0155,kicukiro,Male,16,2025-04-20,Yes,58.2
R0090,Musanze ,Female,14,2025-03-02,N,67.1
R0226,nyarugenge,Female,13,2025-04-21,N,56.4
R0292,musanze,Male,12,30-Mar-2025,YES,82.1
R0177,Kicukiro ,,16,12-Mar-2025,no,65.9
R0085,Nyarugenge,Male,14,18/03/2025,N,73.6
R0067,huye,Female,,06-Mar-2025,No,78.8
R0003,Huye,male,16,28-Apr-2025,No,92.6
R0274,Rubavu,Female,13,14/04/2025,Yes,79.2
R0286,huye,male,13,30/03/2025,,85.9
R0066,Kicukiro,Male,17,2025-04-22,no,78.0
R0130,musanze,Male,15,2025-03-15,No,31.4
R0075,NYARUGENGE,female,14,2025-03-29,,55.1
R0207,nyarugenge,Female,17,2025-03-11,Y,47.7
R0140,Musanze ,female,17,2025-04-08,N,82.7
R0180,MUSANZE,female,13,2025-03-05,Y,38.9
R0174,nyarugenge,Female,17,13-Mar-2025,Yes,70.2
R0142,huye,Female,18,14/04/2025,Yes,56.6
R0227,Huye,Female,18,2025-04-22,Y,69.6
R0112,Rubavu,M,18,04/03/2025,Yes,73.7
R0164,MUSANZE,FEMALE,13,2025-04-28,Y,61.4
R0071,Kicukiro,M,13,06-Apr-2025,yes,98.0
R0095,Musanze ,male,15,20/03/2025,Y,67.9
R0211,Nyarugenge ,FEMALE,16,2025-03-26,no,48.2
R0103,Kicukiro ,female,12,2025-04-19,Yes,64.4
R0019,Nyarugenge,F,12,2025-04-29,yes,68.9
R0082,Rubavu,Male,14,21-Mar-2025,yes,62.2
R0091,GASABO ,male,18,28-Mar-2025,YES,58.0
R0242,kicukiro,Female,13,2025-04-04,N,80.5
R0056,Musanze ,FEMALE,15,08-Apr-2025,YES,62.2
R0119,huye,female,-1,14/03/2025,N,73.4
R0200,Gasabo,Female,13,2025-04-01,YES,77.9
R0203,RUBAVU,M,18,25/03/2025,Yes,61.8
R0147,GASABO ,M,13,2025-03-08,Yes,60.4
R0241,Nyarugenge,Male,13,29/04/2025,Yes,55.8
R0116,gasabo,male,15,16-Mar-2025,Y,59.3
R0023, Huye,Female,13,10/04/2025,Y,61.2
R0098,gasabo,FEMALE,18,30-Mar-2025,Y,62.2
R0133,gasabo,Female,18,25-Mar-2025,Yes,78.9
R0229, Huye,Female,17,22-Apr-2025,Yes,56.3
R0208,HUYE,male,17,29/03/2025,Yes,63.4
R0160,Nyarugenge,Female,15,04/04/2025,YES,53.4
R0115,HUYE,Female,14,02-Apr-2025,yes,82.7
R0300,nyarugenge,F,17,2025-03-05,Yes,71.6
R0209,MUSANZE,F,16,05/03/2025,YES,58.6
R0265,Kicukiro,Female,12,2025-03-04,Yes,73.4
R0173,RUBAVU,female,12,18/03/2025,no,53.0
R0100,NYARUGENGE,Male,15,04-Mar-2025,YES,-20
R0148,huye,Female,14,2025-03-27,Yes,84.3
R0246,musanze,FEMALE,15,2025-04-03,yes,55.9
R0025,Musanze,Female,14,31/03/2025,Y,47.5
R0185,Kicukiro ,Female,18,2025-03-02,yes,49.4
R0260,rubavu,Female,18,10-Apr-2025,Y,60.4
R0161,Kicukiro ,Female,16,08-Mar-2025,Yes,39.5
R0063, Huye,,13,05-Apr-2025,No,75.6
R0254,kicukiro,F,18,09-Mar-2025,No,58.1
R0079, Huye,female,18,15-Mar-2025,Yes,67.2
R0127,Nyarugenge,,15,25-Mar-2025,no,61.5
R0051,KICUKIRO,F,17,2025-03-10,no,44.1
R0213,GASABO ,male,17,16/04/2025,Yes,75.9
R0129,Musanze,Female,17,2025-04-17,No,45.4
R0128, Gasabo,M,15,16/04/2025,N,64.8
R0146,Rubavu ,female,18,2025-03-29,Yes,58.7
R0053,RUBAVU,Female,13,24-Mar-2025,YES,54.3
R0062,Nyarugenge ,F,17,2025-03-06,Yes,-20
R0293,NYARUGENGE,Male,12,2025-04-27,No,69.8
R0283,Kicukiro,Female,15,2025-04-27,Yes,74.7
R0029,nyarugenge,Female,13,19-Apr-2025,Yes,76.5
R0070,KICUKIRO,Female,14,17/04/2025,Yes,75.0
R0037,RUBAVU,female,17,18-Mar-2025,Yes,63.9
R0041,nyarugenge,FEMALE,17,2025-04-17,Yes,70.5
R0156,kicukiro,Female,18,2025-04-18,no,73.1
R0262, Gasabo,Female,13,05/03/2025,Yes,73.9
R0012,HUYE,Female,17,19-Apr-2025,No,60.7
R0291,Nyarugenge,female,13,25-Apr-2025,no,62.2
R0278,Kicukiro ,Female,14,19-Apr-2025,YES,68.8
R0259,Musanze,female,13,2025-04-03,No,60.6
R0194,Huye,Female,13,07/04/2025,YES,29.4
R0169,musanze,Male,16,2025-04-19,Yes,49.6
R0228,Musanze ,,15,2025-03-05,Yes,50.4
R0099,gasabo,Male,14,29/03/2025,yes,28.6
R0175,Nyarugenge,F,12,08/03/2025,No,55.8
R0047,NYARUGENGE,Female,14,2025-03-01,Yes,70.8
R0263,RUBAVU,FEMALE,18,15-Apr-2025,yes,81.3
R0214,Gasabo,F,17,16-Mar-2025,N,60.2
R0268,Nyarugenge ,F,12,06/03/2025,Yes,51.3
R0139,kicukiro,female,12,2025-03-07,Yes,97.4
R0109,NYARUGENGE,Male,15,2025-03-25,No,55.1
R0177,Kicukiro ,,16,12-Mar-2025,no,65.9
R0272,Rubavu ,F,13,27/03/2025,No,31.3
R0299,nyarugenge,male,14,08/03/2025,Y,88.5
R0016,Rubavu ,Male,13,2025-03-18,No,50.7
R0114,Rubavu,F,17,14/04/2025,yes,73.8
R0008, Huye,F,13,01/04/2025,Yes,84.2
R0273,rubavu,female,13,19/04/2025,yes,54.3
R0149,gasabo,F,12,04-Mar-2025,yes,57.0
R0233,Kicukiro,Female,12,2025-04-15,Yes,36.2
R0074,HUYE,female,15,28-Apr-2025,Yes,57.7
R0009,MUSANZE,female,14,29/04/2025,No,49.1
R0028,Huye,Female,15,24-Mar-2025,No,28.7
R0295,Huye,female,15,2025-04-08,No,59.0
R0059,Kicukiro ,Female,16,05/03/2025,Yes,68.4
R0223, Gasabo,FEMALE,18,27/04/2025,Yes,72.8
R0249,Musanze ,Female,15,27/03/2025,Y,49.3
R0237,Musanze,Female,13,2025-04-09,Y,59.8
R0032,RUBAVU,Female,17,24/04/2025,Yes,65.5
R0002,huye,female,13,13/04/2025,N,540
R0190,Gasabo,FEMALE,16,04/04/2025,Yes,81.0
R0014,Kicukiro ,Female,18,14/04/2025,Yes,57.7
R0010,kicukiro,Male,16,14/04/2025,N,47.4
R0290,MUSANZE,Male,13,2025-04-25,Yes,53.8
R0096,musanze,Female,17,03-Apr-2025,yes,79.6
R0035,kicukiro,female,17,2025-04-16,Yes,28.7
R0097,HUYE,M,12,06-Apr-2025,Yes,78.0
R0186,Gasabo,Female,18,08/03/2025,Yes,84.1
R0189,Rubavu ,F,14,14-Apr-2025,Y,77.5
R0154,rubavu,female,,23-Apr-2025,Yes,60.8
R0244,Kicukiro ,Male,14,18-Mar-2025,Yes,62.2
R0267,rubavu,F,18,2025-03-27,yes,72.7
R0046,Kicukiro ,Male,14,27/04/2025,Yes,46.7
R0217,KICUKIRO,female,16,2025-04-15,No,48.4
R0033,RUBAVU,M,13,17-Apr-2025,Yes,77.2
R0078,Kicukiro ,FEMALE,13,19/03/2025,Y,55.9
R0238,Nyarugenge,Male,14,24-Apr-2025,yes,45.4
R0134,NYARUGENGE,M,12,02/03/2025,Yes,84.0
R0145,Gasabo,Female,12,07-Mar-2025,Yes,46.6
R0157,kicukiro,F,15,04/03/2025,,40.5
R0064,nyarugenge,female,15,2025-03-25,no,39.9
R0083,huye,F,13,2025-03-15,Yes,80.1
R0239,KICUKIRO,FEMALE,13,07/03/2025,N,52.2
R0231,KICUKIRO,FEMALE,17,13/03/2025,No,75.9
R0240,NYARUGENGE,F,13,18-Mar-2025,Yes,51.2
R0042,huye,FEMALE,13,2025-03-12,Yes,59.0
R0178,Musanze ,Female,13,2025-03-08,no,N/A
R0165,MUSANZE,female,13,11/03/2025,Y,34.5
R0110,Huye,Female,18,26/04/2025,Yes,63.2
R0182,nyarugenge,Female,17,29/04/2025,Yes,57.0
R0224,gasabo,Male,12,11/04/2025,No,73.5
R0122,Kicukiro,Female,15,2025-04-23,yes,52.3
R0052,RUBAVU,,16,29-Apr-2025,yes,88.4
R0057,RUBAVU,Male,13,09/04/2025,Yes,77.5
R0250,GASABO ,female,16,06-Apr-2025,Yes,62.5
R0159,Kicukiro ,Female,18,2025-04-28,YES,71.6
R0086,Gasabo,female,12,09/04/2025,Yes,65.9
R0121,KICUKIRO,Female,16,14/04/2025,Yes,59.5
R0296,Gasabo,female,14,06/04/2025,No,87.0
R0298,HUYE,F,13,2025-04-14,Y,36.8
R0288,Huye,Male,13,07/04/2025,Yes,73.3
R0236,MUSANZE,Female,17,2025-04-11,yes,43.6
R0215,gasabo,F,17,26/03/2025,Yes,63.0
R0088,nyarugenge,female,15,19-Apr-2025,Yes,62.8
R0166,Nyarugenge ,M,13,24-Apr-2025,yes,71.9
R0148,huye,Female,14,2025-03-27,Yes,84.3
R0256,Musanze ,female,14,11-Apr-2025,No,49.7
R0106,Gasabo,Female,18,02/03/2025,Yes,40.3
R0247,Rubavu,female,,2025-03-18,yes,66.6
R0183,Kicukiro,FEMALE,18,2025-03-06,yes,28.8
R0050,rubavu,M,15,2025-04-25,yes,540
R0222,Musanze ,female,18,20/03/2025,YES,55.6
R0006,RUBAVU,female,12,22-Apr-2025,yes,46.9
R0018,nyarugenge,FEMALE,12,2025-03-08,Yes,75.2
R0297,RUBAVU,M,18,29-Apr-2025,no,59.0
R0117,Rubavu ,female,17,01-Apr-2025,YES,33.2
R0245,HUYE,M,15,21/03/2025,yes,55.5
R0107,GASABO ,Female,15,2025-04-20,No,65.7
R0188,rubavu,Female,12,19-Apr-2025,yes,41.8
R0163,nyarugenge,Female,13,16/03/2025,no,77.7
R0135,huye,F,16,2025-03-21,YES,84.0
R0289,Nyarugenge ,M,12,13/04/2025,YES,63.7
R0191,KICUKIRO,Male,18,06/03/2025,Y,51.6
R0065,musanze,female,15,06/04/2025,Yes,68.3
R0027,Rubavu ,Female,14,21/04/2025,,71.5
R0221,nyarugenge,male,14,11-Apr-2025,Yes,56.7
R0170,Musanze ,M,18,2025-03-20,N,45.8
R0181,Kicukiro ,FEMALE,13,04-Mar-2025,Yes,66.1
R0101,NYARUGENGE,Female,16,28-Mar-2025,,30.9
R0198,gasabo,Female,18,2025-04-08,Yes,55.9
R0210,MUSANZE,F,17,11/03/2025,Yes,48.6
R0136, Huye,Male,13,2025-04-27,YES,48.0
R0294,GASABO ,,18,01-Apr-2025,Y,38.0
R0270,RUBAVU,,15,14/03/2025,Yes,92.9
R0199,KICUKIRO,,15,27-Mar-2025,yes,63.4
R0118,Gasabo,M,12,21/04/2025,Yes,59.4
R0167,Kicukiro ,,17,10/04/2025,no,38.8
R0232,Musanze,,12,19/03/2025,yes,53.5
R0137,Kicukiro,,13,27-Mar-2025,Yes,57.1
R0030,nyarugenge,female,,2025-04-17,Y,45.4
R0080,Musanze,female,17,16-Apr-2025,yes,55.1
R0205,Gasabo,M,16,12/04/2025,no,40.7
R0141,MUSANZE,female,17,2025-03-23,Yes,77.7
R0158,nyarugenge,F,14,21/03/2025,N,54.8
R0132,Kicukiro ,female,17,14-Mar-2025,,-
R0040,Nyarugenge,Female,15,01/04/2025,YES,73.1
R0179,musanze,male,17,23-Mar-2025,No,49.9
R0206, Gasabo,FEMALE,13,2025-03-21,,76.4
R0216,Rubavu ,female,13,10-Mar-2025,YES,70.0
R0235,Huye,Female,14,2025-03-28,,44.4
R0055,Gasabo,female,14,2025-03-22,Yes,79.3
R0124,rubavu,F,15,2025-03-13,Yes,72.5
R0201,Gasabo,M,12,2025-04-26,yes,91.5
R0044,nyarugenge,Female,13,17/04/2025,yes,55.6
R0266,Nyarugenge,F,17,25-Mar-2025,Yes,52.2
R0049,RUBAVU,male,150,2025-04-18,yes,63.8
R0036,kicukiro,Female,13,14-Apr-2025,Yes,51.0
R0060,Musanze,,17,29-Apr-2025,no,67.1
R0144,Rubavu ,M,18,2025-04-01,Yes,73.0
R0054,rubavu,female,12,22/03/2025,YES,34.2
R0021,Huye,FEMALE,17,19/03/2025,Yes,39.8
R0125,Kicukiro ,F,15,02/04/2025,No,71.1
R0143, Gasabo,male,16,25-Apr-2025,Yes,49.6
R0111,RUBAVU,male,17,22/04/2025,yes,100.7
R0257,gasabo,Male,16,2025-04-07,Yes,65.0
R0077,Kicukiro ,FEMALE,17,16/04/2025,yes,23.3
R0284,Musanze,M,17,29-Mar-2025,yes,57.7
R0275,Nyarugenge ,Male,14,16/04/2025,YES,69.7
R0108,Nyarugenge,Male,16,24/03/2025,Yes,61.5
R0094, Gasabo,Male,13,12-Apr-2025,YES,58.2
R0013,GASABO ,Female,13,10/03/2025,,49.4
R0017,HUYE,Female,15,26/03/2025,Yes,42.5
R0048,RUBAVU,M,12,13-Apr-2025,Yes,74.7
R0187,huye,M,999,01-Apr-2025,yes,38.2
R0204,Musanze ,,15,27-Mar-2025,,87.5
R0269,KICUKIRO,female,14,29-Apr-2025,yes,77.3
R0120,MUSANZE,Male,12,2025-04-14,Yes,48.4
R0022,gasabo,Female,,2025-03-31,Yes,51.6
R0084,Kicukiro ,Male,13,2025-04-06,Yes,65.7
R0131,HUYE,M,16,2025-04-17,No,64.1
R0230,KICUKIRO,F,17,2025-04-15,YES,63.3
R0128, Gasabo,M,15,16/04/2025,N,64.8
R0124,rubavu,F,15,2025-03-13,Yes,72.5
R0034,Rubavu ,female,16,2025-03-15,No,69.7
R0005,musanze,Male,14,04/03/2025,Y,68.8
R0020,Musanze,F,18,2025-03-15,no,53.3
R0220,Huye,Female,15,2025-04-20,no,98.5
R0276,Kicukiro,Female,15,2025-03-15,no,65.5
R0150,gasabo,F,14,08/04/2025,yes,27.9
R0225,Nyarugenge,Female,13,08-Apr-2025,Yes,54.5
R0248,gasabo,Female,18,07-Apr-2025,Yes,70.2
R0279,nyarugenge,,13,28-Mar-2025,,79.0
R0152,Musanze ,Female,13,2025-03-13,Yes,52.2
R0234,huye,Female,14,13/03/2025,Yes,35.2
R0011,kicukiro,Male,sixteen,03-Mar-2025,Yes,61.5
R0072,Kicukiro ,Male,13,23-Mar-2025,YES,51.5
R0253, Gasabo,male,12,25-Apr-2025,Yes,72.7
R0093,KICUKIRO,Female,18,2025-04-25,Yes,93.3
R0193,kicukiro,female,14,03-Mar-2025,Yes,70.6
R0258,nyarugenge,Male,,10-Apr-2025,N,540
R0214,Gasabo,F,17,16-Mar-2025,N,60.2
R0196,Gasabo,female,13,22/04/2025,Yes,58.1
R0138,Huye,Male,17,2025-04-12,No,68.7
R0261,Rubavu ,male,12,2025-04-06,Yes,63.5
R0039,musanze,Male,17,16/03/2025,yes,68.7
R0202,NYARUGENGE,male,15,12/04/2025,no,53.9
R0190,Gasabo,FEMALE,16,04/04/2025,Yes,81.0
R0252,KICUKIRO,female,16,2025-04-07,Yes,65.0
R0113,kicukiro,F,15,22/03/2025,No,76.7
R0184,Rubavu ,M,13,05-Mar-2025,Yes,54.5
R0153,gasabo,Male,17,2025-03-02,Yes,62.6
R0192,gasabo,female,17,2025-04-16,yes,53.2
R0045,MUSANZE,Female,13,2025-03-28,No,67.8
R0276,Kicukiro,Female,15,2025-03-15,no,65.5
R0007,HUYE,Female,14,12/03/2025,Y,44.0
R0251,Nyarugenge ,FEMALE,17,10/03/2025,No,33.6
R0076,Nyarugenge ,Male,sixteen,23/04/2025,Yes,49.5
R0001,RUBAVU,Female,15,07/03/2025,yes,64.1
R0069,Huye,Female,14,31/03/2025,,78.3
R0168,Musanze,Female,12,25-Apr-2025,no,66.3
R0219, Huye,Female,16,2025-04-17,YES,73.5
R0043,Musanze,Female,14,21/03/2025,No,36.2
R0073,nyarugenge,female,13,2025-04-06,Yes,54.9
R0024,NYARUGENGE,Male,13,31/03/2025,YES,78.3
R0186,Gasabo,Female,18,08/03/2025,Yes,84.1
R0104,KICUKIRO,FEMALE,18,2025-04-21,Yes,-20
R0212,Kicukiro ,,14,17/04/2025,YES,65.9
R0068, Huye,female,13,2025-03-18,N,56.0
R0026,RUBAVU,Male,150,04-Apr-2025,yes,60.8
R0197,HUYE,Female,14,19-Mar-2025,YES,83.7
R0176,Kicukiro,,16,06/03/2025,Yes,75.7
